time,psi
0.03,1.0
0.06,1.0
0.1,1.0
0.13,1.0
0.16,1.0
0.19,1.0
0.22,1.0
0.26,1.0
0.29,1.0
0.32,1.0
0.35,1.0
0.38,1.0
0.42,1.0
0.45,1.0
0.48,1.0
0.51,1.0
0.54,1.0
0.58,1.0
0.61,1.0
0.64,1.0
0.67,1.0
0.7,1.0
0.74,1.0
0.77,1.0
0.8,1.0
0.83,1.0
0.86,1.0
0.9,1.0
0.93,1.0
0.96,1.0
0.99,1.0
1.02,1.0
1.06,1.0
1.09,1.0
1.12,1.0
1.15,1.0
1.18,1.0
1.22,1.0
1.25,1.0
1.28,1.0
1.31,1.0
1.34,1.0
1.38,1.0
1.41,1.0
1.44,1.0
1.47,1.0
1.5,1.0
1.54,1.0
1.57,1.0
1.6,1.0
1.63,1.0
1.66,1.0
1.7,1.0
1.73,1.0
1.76,1.0
1.79,1.0
1.82,1.0
1.86,1.0
1.89,1.0
1.92,1.0
1.95,1.0
1.98,1.0
2.02,1.0
2.05,1.0
2.08,1.0
2.11,1.0
2.14,1.0
2.18,1.0
2.21,1.0
2.24,1.0
2.27,1.0
2.3,1.0
2.34,1.0
2.37,1.0
2.4,1.0
2.43,1.0
2.46,1.0
2.5,1.0
2.53,1.0
2.56,1.0
2.59,1.0
2.62,1.0
2.66,1.0
2.69,1.0
2.72,1.0
2.75,1.0
2.78,1.0
2.82,1.0
2.85,1.0
2.88,1.0
2.91,1.0
2.94,1.0
2.98,1.0
3.01,1.0
3.04,1.0
3.07,1.0
3.1,1.0
3.14,1.0
3.17,1.0
3.2,1.0
3.23,1.0
3.26,1.0
3.3,1.0
3.33,1.0
3.36,1.0
3.39,1.0
3.42,1.0
3.46,1.0
3.49,1.0
3.52,1.0
3.55,1.0
3.58,1.0
3.62,1.0
3.65,1.0
3.68,1.0
3.71,1.0
3.74,1.0
3.78,1.0
4.32,1.0
4.86,1.0
4.9,1.0
4.93,1.0
4.96,1.0
4.99,1.0
5.02,1.0
5.06,1.0
5.09,1.0
5.12,1.0
5.15,1.0
5.18,1.0
5.22,1.0
5.25,1.0
5.28,1.0
5.31,1.0
5.34,1.0
5.38,1.0
5.41,1.0
5.44,1.0
5.47,1.0
5.5,1.0
5.54,1.0
5.57,1.0
5.6,1.0
5.63,1.0
5.66,1.0
5.7,1.0
5.73,1.0
5.76,1.0
5.79,1.0
5.82,1.0
5.86,1.0
5.89,1.0
5.92,1.0
5.95,1.0
5.98,1.0
6.02,1.0
6.05,1.0
6.08,1.0
6.11,1.0
6.14,1.0
6.18,1.0
6.21,1.0
6.24,0.923
6.27,0.923
6.3,0.923
6.34,0.923
6.37,0.923
6.4,0.923
6.43,0.923
6.46,0.923
6.5,0.923
6.53,0.923
6.56,0.923
6.59,0.923
6.62,0.923
6.66,0.923
6.69,0.923
6.72,0.923
6.75,0.923
6.78,0.923
6.82,0.923
6.85,0.923
6.88,0.923
6.91,0.923
6.94,0.923
6.98,0.923
7.01,0.923
7.04,0.923
7.07,0.923
7.1,0.923
7.14,0.923
7.17,0.923
7.2,0.923
7.23,0.923
7.26,0.923
7.3,0.923
7.33,0.923
7.36,0.923
7.39,0.923
7.42,0.923
7.46,0.923
7.49,0.923
7.52,0.923
7.55,0.923
7.58,0.923
7.62,0.923
7.65,0.923
7.68,0.923
7.71,0.923
7.74,0.923
7.78,0.923
7.81,0.923
7.84,0.923
7.87,0.923
7.9,0.923
7.94,0.923
7.97,0.923
8.0,0.923
8.03,0.923
8.06,0.923
8.1,0.923
8.13,0.923
8.16,0.923
8.19,0.923
8.22,0.923
8.26,0.923
8.29,0.923
8.32,0.923
8.35,0.923
8.38,0.923
8.42,0.923
8.45,0.923
8.48,0.923
8.51,0.923
8.54,0.923
8.58,0.923
8.61,0.923
8.64,0.923
8.67,0.923
8.7,0.923
8.74,0.923
8.77,0.923
8.8,0.923
8.83,0.923
8.86,0.923
8.9,0.923
8.93,0.923
8.96,0.923
8.99,0.923
9.02,0.923
9.06,0.923
9.09,0.923
9.12,0.923
9.15,0.923
9.18,0.923
9.22,0.923
9.25,0.923
9.28,0.923
9.31,0.923
9.34,0.923
9.38,0.923
9.41,0.923
9.44,0.923
9.47,0.923
9.5,0.923
9.54,0.923
9.57,0.923
9.6,0.923
9.63,0.923
9.66,0.923
9.7,0.923
9.73,0.923
9.76,0.923
9.79,0.923
9.82,0.923
9.86,0.923
9.89,0.923
9.92,0.923
9.95,0.923
9.98,0.923
10.02,0.923
10.05,0.923
10.08,0.923
10.11,0.923
10.14,0.923
10.18,0.923
10.21,0.923
10.24,0.923
10.27,0.923
10.3,0.923
10.34,0.923
10.37,0.923
10.4,0.923
10.43,0.923
10.46,0.923
10.5,0.923
10.53,0.923
10.56,0.923
10.59,0.923
10.62,0.923
10.66,0.923
10.69,0.923
10.72,0.923
10.75,0.923
10.78,0.923
10.82,0.923
10.85,0.923
10.88,0.923
10.91,0.923
10.94,0.923
10.98,0.923
11.01,0.923
11.04,0.923
11.07,0.923
11.1,0.923
11.14,0.923
11.17,0.923
11.2,0.923
11.23,0.923
11.26,0.923
11.3,0.923
11.33,0.923
11.36,0.923
11.39,0.923
11.42,0.923
11.46,0.923
11.49,0.923
11.52,0.923
11.55,0.923
11.58,0.923
11.62,0.923
11.65,0.923
11.68,0.923
11.71,0.923
11.74,0.923
11.78,0.923
11.81,0.923
11.84,0.923
11.87,0.923
11.9,0.923
11.94,0.923
11.97,0.923
12.0,0.923
12.03,0.923
12.06,0.923
12.1,0.923
12.13,0.923
12.16,0.923
12.19,0.923
12.22,0.923
12.26,0.923
12.29,0.923
12.32,0.923
12.35,0.923
12.38,0.923
12.42,0.923
12.45,0.923
12.48,0.923
12.51,0.923
12.54,0.923
12.58,0.923
12.61,0.923
12.64,0.923
12.67,0.923
12.7,0.923
12.74,0.923
12.77,0.923
12.8,0.923
12.83,0.923
12.86,0.923
12.9,0.923
12.93,0.923
12.96,0.923
12.99,0.923
13.02,0.923
13.06,0.923
13.09,0.923
13.12,0.923
13.15,0.923
13.18,0.923
13.22,0.923
13.25,0.923
13.28,0.923
13.31,0.923
13.34,0.923
13.38,0.923
13.41,0.923
13.44,0.923
13.47,0.923
13.5,0.923
13.54,0.923
13.57,0.923
13.6,0.923
13.63,0.923
13.66,0.923
13.7,0.923
13.73,0.923
13.76,0.923
13.79,0.923
13.82,0.923
13.86,0.923
13.89,0.923
13.92,0.923
13.95,0.923
13.98,0.923
14.02,0.923
14.05,0.923
14.08,0.923
14.11,0.923
14.14,0.923
14.18,0.923
14.21,0.923
14.24,0.923
14.27,0.923
14.3,0.923
14.34,0.923
14.37,0.923
14.4,0.923
14.43,0.923
14.46,0.923
14.5,0.923
14.53,0.923
14.56,0.923
14.59,0.923
14.62,0.923
14.66,0.923
14.69,0.923
14.72,0.923
14.75,0.923
14.78,0.923
14.82,0.923
14.85,0.923
14.88,0.923
14.91,0.923
14.94,0.923
14.98,0.923
15.01,0.923
15.04,0.923
15.07,0.923
15.1,0.923
15.14,0.923
15.17,0.923
15.2,0.923
15.23,0.923
15.26,0.923
15.3,0.923
15.33,0.923
15.36,0.923
15.39,0.923
15.42,0.923
15.46,0.923
15.49,0.923
15.52,0.923
15.55,0.923
15.58,0.923
15.62,0.923
15.65,0.923
15.68,0.923
15.71,0.923
15.74,0.923
15.78,0.923
15.81,0.923
15.84,0.923
15.87,0.923
15.9,0.923
15.94,0.923
15.97,0.923
16.0,0.923
16.03,0.923
16.06,0.923
16.1,0.923
16.13,0.923
16.16,0.923
16.19,0.923
16.22,0.923
16.26,0.923
16.29,0.923
16.32,0.923
16.35,0.923
16.38,0.923
16.42,0.923
16.45,0.923
16.48,0.923
16.51,0.923
16.54,0.923
16.58,0.923
16.61,0.923
16.64,0.923
16.67,0.923
16.7,0.923
16.74,0.923
16.77,0.923
16.8,0.923
16.83,0.923
16.86,0.923
16.9,0.923
16.93,0.923
16.96,0.923
16.99,0.923
17.02,0.923
17.06,0.923
17.09,0.923
17.12,0.923
17.15,0.923
17.18,0.923
17.22,0.923
17.25,0.923
17.28,0.923
17.31,0.923
17.34,0.923
17.38,0.923
17.41,0.923
17.44,0.923
17.47,0.923
17.5,0.923
17.54,0.923
17.57,0.923
17.6,0.923
17.63,0.923
17.66,0.923
17.7,0.923
17.73,0.923
17.76,0.923
17.79,0.923
17.82,0.923
17.86,0.923
17.89,0.923
17.92,0.923
17.95,0.923
17.98,0.923
18.02,0.923
18.05,0.923
18.08,0.923
18.11,0.923
18.14,0.923
18.18,0.923
18.21,0.923
18.24,0.923
18.27,0.923
18.3,0.923
18.34,0.923
18.37,0.923
18.4,0.923
18.43,0.923
18.46,0.923
18.5,0.923
18.53,0.923
18.56,0.923
18.59,0.923
18.62,0.923
18.66,0.923
18.69,0.923
18.72,0.923
18.75,0.923
18.78,0.923
18.82,0.923
18.85,0.923
18.88,0.923
18.91,0.923
18.94,0.923
18.98,0.923
19.01,0.923
19.04,0.923
19.07,0.923
19.1,0.923
19.14,0.923
19.17,0.923
19.2,0.923
19.23,0.923
19.26,0.923
19.3,0.923
19.33,0.923
19.36,0.923
19.39,0.923
19.42,0.923
19.46,0.923
19.49,0.923
19.52,0.923
19.55,0.923
19.58,0.923
19.62,0.923
19.65,0.923
19.68,0.923
19.71,0.923
19.74,0.923
19.78,0.923
19.81,0.923
19.84,0.923
19.87,0.923
19.9,0.923
19.94,0.923
19.97,0.923
20.0,0.923
20.03,0.923
20.06,0.923
20.1,0.923
20.13,0.923
20.16,0.923
20.19,0.923
20.22,0.923
20.26,0.923
20.29,0.923
20.32,0.923
20.35,0.923
20.38,0.923
20.42,0.923
20.45,0.923
20.48,0.923
20.51,0.923
20.54,0.923
20.58,0.923
20.61,0.923
20.64,0.923
20.67,0.923
20.7,0.923
20.74,0.923
20.77,0.923
20.8,0.923
20.83,0.923
20.86,0.923
20.9,0.923
20.93,0.923
20.96,0.923
20.99,0.923
21.02,0.923
21.06,0.923
21.09,0.923
21.12,0.923
21.15,0.923
21.18,0.923
21.22,0.923
21.25,0.923
21.28,0.923
21.31,0.923
21.34,0.923
21.38,0.923
21.41,0.923
21.44,0.923
21.47,0.923
21.5,0.923
21.54,0.923
21.57,0.923
21.6,0.923
21.63,0.923
21.66,0.923
21.7,0.923
21.73,0.923
21.76,0.923
21.79,0.923
21.82,0.923
21.86,0.923
21.89,0.923
21.92,0.923
21.95,0.923
21.98,0.923
22.02,0.787
22.05,0.787
22.08,0.787
22.11,0.787
22.14,0.787
22.18,0.787
22.21,0.787
22.24,0.787
22.27,0.787
22.3,0.787
22.34,0.787
22.37,0.787
22.4,0.787
22.43,0.787
22.46,0.787
22.5,0.787
22.53,0.787
22.56,0.787
22.59,0.787
22.62,0.787
22.66,0.787
22.69,0.787
22.72,0.787
22.75,0.787
22.78,0.787
22.82,0.787
22.85,0.787
22.88,0.787
22.91,0.787
22.94,0.787
22.98,0.787
23.01,0.787
23.04,0.787
23.07,0.787
23.1,0.787
23.14,0.787
23.17,0.787
23.2,0.787
23.23,0.787
23.26,0.787
23.3,0.787
23.33,0.787
23.36,0.787
23.39,0.787
23.42,0.787
23.46,0.787
23.49,0.787
23.52,0.787
23.55,0.787
23.58,0.787
23.62,0.787
23.65,0.787
23.68,0.787
23.71,0.787
23.74,0.787
23.78,0.787
23.81,0.787
23.84,0.787
23.87,0.787
23.9,0.787
23.94,0.787
23.97,0.787
24.0,0.787
24.03,0.787
24.06,0.787
24.1,0.787
24.13,0.787
24.16,0.787
24.19,0.787
24.22,0.787
24.26,0.787
24.29,0.787
24.32,0.787
24.35,0.787
24.38,0.787
24.42,0.787
24.45,0.787
24.48,0.787
24.51,0.787
24.54,0.787
24.58,0.787
24.61,0.787
24.64,0.787
24.67,0.787
24.7,0.787
24.74,0.787
24.77,0.787
24.8,0.787
24.83,0.787
24.86,0.787
24.9,0.787
24.93,0.787
24.96,0.787
24.99,0.787
25.02,0.787
25.06,0.787
25.09,0.787
25.12,0.787
25.15,0.787
25.18,0.787
25.22,0.787
25.25,0.787
25.28,0.787
25.31,0.787
25.34,0.787
25.38,0.787
25.41,0.787
25.44,0.787
25.47,0.787
25.5,0.787
25.54,0.787
25.57,0.787
25.6,0.787
25.63,0.787
25.66,0.787
25.7,0.787
25.73,0.787
25.76,0.787
25.79,0.787
25.82,0.787
25.86,0.787
25.89,0.787
25.92,0.787
25.95,0.787
25.98,0.787
26.02,0.787
26.05,0.787
26.08,0.787
26.11,0.787
26.14,0.787
26.18,0.787
26.21,0.787
26.24,0.787
26.27,0.787
26.3,0.787
26.34,0.787
26.37,0.787
26.4,0.787
26.43,0.787
26.46,0.787
26.5,0.787
26.53,0.787
26.56,0.787
26.59,0.787
26.62,0.787
26.66,0.787
26.69,0.787
26.72,0.787
26.75,0.787
26.78,0.787
26.82,0.787
26.85,0.787
26.88,0.787
26.91,0.787
26.94,0.787
26.98,0.787
27.01,0.787
27.04,0.787
27.07,0.787
27.1,0.787
27.14,0.787
27.17,0.787
27.2,0.787
27.23,0.787
27.26,0.787
27.3,0.787
27.33,0.787
27.36,0.787
27.39,0.787
27.42,0.787
27.46,0.787
27.49,0.787
27.52,0.787
27.55,0.787
27.58,0.787
27.62,0.787
27.65,0.787
27.68,0.787
27.71,0.787
27.74,0.787
27.78,0.787
27.81,0.787
27.84,0.787
27.87,0.787
27.9,0.787
27.94,0.787
27.97,0.787
28.0,0.787
28.03,0.787
28.06,0.787
28.1,0.787
28.13,0.787
28.16,0.787
28.19,0.787
28.22,0.787
28.26,0.787
28.29,0.787
28.32,0.787
28.35,0.787
28.38,0.787
28.42,0.787
28.45,0.787
28.48,0.787
28.51,0.787
28.54,0.787
28.58,0.787
28.61,0.787
28.64,0.787
28.67,0.787
28.7,0.787
28.74,0.787
28.77,0.787
28.8,0.787
28.83,0.787
28.86,0.787
28.9,0.726
28.93,0.726
28.96,0.726
28.99,0.726
29.02,0.726
29.06,0.726
29.09,0.726
29.12,0.726
29.15,0.726
29.18,0.726
29.22,0.726
29.25,0.726
29.28,0.726
29.31,0.726
29.34,0.726
29.38,0.726
29.41,0.726
29.44,0.726
29.47,0.726
29.5,0.726
29.54,0.726
29.57,0.726
29.6,0.726
29.63,0.726
29.66,0.726
29.7,0.726
29.73,0.726
29.76,0.726
29.79,0.726
29.82,0.726
29.86,0.726
29.89,0.726
29.92,0.726
29.95,0.726
29.98,0.726
30.02,0.726
30.05,0.726
30.08,0.726
30.11,0.726
30.14,0.726
30.18,0.726
30.21,0.726
30.24,0.726
30.27,0.726
30.3,0.726
30.34,0.726
30.37,0.726
30.4,0.726
30.43,0.726
30.46,0.726
30.5,0.726
30.53,0.726
30.56,0.726
30.59,0.726
30.62,0.726
30.66,0.726
30.69,0.726
30.72,0.726
30.75,0.726
30.78,0.726
30.82,0.726
30.85,0.726
30.88,0.726
30.91,0.726
30.94,0.726
30.98,0.726
31.01,0.726
31.04,0.726
31.07,0.726
31.1,0.726
31.14,0.726
31.17,0.726
31.2,0.726
31.23,0.726
31.26,0.726
31.3,0.726
31.33,0.726
31.36,0.726
31.39,0.726
31.42,0.726
31.46,0.726
31.49,0.726
31.52,0.726
31.55,0.726
31.58,0.726
31.62,0.726
31.65,0.726
31.68,0.726
31.71,0.726
31.74,0.726
31.78,0.726
31.81,0.726
31.84,0.726
31.87,0.726
31.9,0.726
31.94,0.726
31.97,0.726
32.0,0.726
32.03,0.726
32.06,0.726
32.1,0.726
32.13,0.726
32.16,0.726
32.19,0.726
32.22,0.726
32.26,0.726
32.29,0.726
32.32,0.726
32.35,0.726
32.38,0.726
32.42,0.726
32.45,0.726
32.48,0.726
32.51,0.726
32.54,0.726
32.58,0.726
32.61,0.726
32.64,0.726
32.67,0.726
32.7,0.726
32.74,0.726
32.77,0.726
32.8,0.726
32.83,0.726
32.86,0.726
32.9,0.726
32.93,0.726
32.96,0.726
32.99,0.726
33.02,0.726
33.06,0.726
33.09,0.726
33.12,0.726
33.15,0.726
33.18,0.726
33.22,0.726
33.25,0.726
33.28,0.726
33.31,0.726
33.34,0.726
33.38,0.726
33.41,0.726
33.44,0.726
33.47,0.726
33.5,0.726
33.54,0.726
33.57,0.726
33.6,0.726
33.63,0.726
33.66,0.726
33.7,0.726
33.73,0.726
33.76,0.726
33.79,0.726
33.82,0.726
33.86,0.726
33.89,0.726
33.92,0.726
33.95,0.726
33.98,0.726
34.02,0.726
34.05,0.726
34.08,0.726
34.11,0.726
34.14,0.726
34.18,0.726
34.21,0.726
34.24,0.726
34.27,0.726
34.3,0.726
34.34,0.726
34.37,0.726
34.4,0.726
34.43,0.726
34.46,0.726
34.5,0.726
34.53,0.726
34.56,0.726
34.59,0.726
34.62,0.726
34.66,0.726
34.69,0.726
34.72,0.726
34.75,0.726
34.78,0.726
34.82,0.726
34.85,0.726
34.88,0.726
34.91,0.726
34.94,0.726
34.98,0.726
35.01,0.726
35.04,0.726
35.07,0.726
35.1,0.726
35.14,0.726
35.17,0.726
35.2,0.726
35.23,0.726
35.26,0.726
35.3,0.726
35.33,0.726
35.36,0.726
35.39,0.726
35.42,0.726
35.46,0.726
35.49,0.726
35.52,0.726
35.55,0.726
35.58,0.726
35.62,0.726
35.65,0.726
35.68,0.726
35.71,0.726
35.74,0.726
35.78,0.726
35.81,0.726
35.84,0.726
35.87,0.726
35.9,0.726
35.94,0.726
35.97,0.726
36.0,0.726
36.03,0.726
36.06,0.726
36.1,0.726
36.13,0.726
36.16,0.726
36.19,0.726
36.22,0.726
36.26,0.726
36.29,0.726
36.32,0.726
36.35,0.726
36.38,0.726
36.42,0.726
36.45,0.726
36.48,0.726
36.51,0.726
36.54,0.726
36.58,0.726
36.61,0.726
36.64,0.726
36.67,0.726
36.7,0.726
36.74,0.726
36.77,0.726
36.8,0.726
36.83,0.726
36.86,0.726
36.9,0.726
36.93,0.726
36.96,0.726
36.99,0.726
37.02,0.726
37.06,0.726
37.09,0.726
37.12,0.726
37.15,0.726
37.18,0.726
37.22,0.726
37.25,0.726
37.28,0.726
37.31,0.726
37.34,0.726
37.38,0.726
37.41,0.726
37.44,0.726
37.47,0.726
37.5,0.726
37.54,0.726
37.57,0.726
37.6,0.726
37.63,0.726
37.66,0.726
37.7,0.726
37.73,0.726
37.76,0.726
37.79,0.726
37.82,0.726
37.86,0.726
37.89,0.726
37.92,0.726
37.95,0.726
37.98,0.726
38.02,0.726
38.05,0.726
38.08,0.726
38.11,0.726
38.14,0.726
38.18,0.726
38.21,0.726
38.24,0.726
38.27,0.726
38.3,0.726
38.34,0.726
38.37,0.726
38.4,0.726
38.43,0.726
38.46,0.726
38.5,0.726
38.53,0.726
38.56,0.726
38.59,0.726
38.62,0.726
38.66,0.726
38.69,0.726
38.72,0.726
38.75,0.726
38.78,0.726
38.82,0.726
38.85,0.726
38.88,0.726
38.91,0.726
38.94,0.726
38.98,0.726
39.01,0.726
39.04,0.726
39.07,0.726
39.1,0.726
39.14,0.726
39.17,0.726
39.2,0.726
39.23,0.726
39.26,0.726
39.3,0.726
39.33,0.726
39.36,0.726
39.39,0.726
39.42,0.726
39.46,0.726
39.49,0.726
39.52,0.726
39.55,0.726
39.58,0.726
39.62,0.726
39.65,0.726
39.68,0.726
39.71,0.726
39.74,0.726
39.78,0.726
39.81,0.726
39.84,0.726
39.87,0.726
39.9,0.726
39.94,0.726
39.97,0.726
40.0,0.726
40.03,0.726
40.06,0.726
40.1,0.726
40.13,0.726
40.16,0.726
40.19,0.726
40.22,0.726
40.26,0.726
40.29,0.726
40.32,0.726
40.35,0.726
40.38,0.726
40.42,0.726
40.45,0.726
40.48,0.726
40.51,0.726
40.54,0.726
40.58,0.726
40.61,0.726
40.64,0.726
40.67,0.726
40.7,0.726
40.74,0.726
40.77,0.726
40.8,0.726
40.83,0.726
40.86,0.726
40.9,0.726
40.93,0.726
40.96,0.726
40.99,0.726
41.02,0.726
41.06,0.726
41.09,0.726
41.12,0.726
41.15,0.726
41.18,0.726
41.22,0.726
41.25,0.726
41.28,0.726
41.31,0.726
41.34,0.726
41.38,0.726
41.41,0.726
41.44,0.726
41.47,0.726
41.5,0.726
41.54,0.726
41.57,0.726
41.6,0.726
41.63,0.726
41.66,0.726
41.7,0.726
41.73,0.726
41.76,0.726
41.79,0.726
41.82,0.726
41.86,0.726
41.89,0.726
41.92,0.726
41.95,0.726
41.98,0.726
42.02,0.726
42.05,0.726
42.08,0.726
42.11,0.726
42.14,0.726
42.18,0.726
42.21,0.726
42.24,0.726
42.27,0.726
42.3,0.726
42.34,0.726
42.37,0.726
42.4,0.726
42.43,0.726
42.46,0.726
42.5,0.726
42.53,0.726
42.56,0.726
42.59,0.726
42.62,0.726
42.66,0.726
42.69,0.726
42.72,0.726
42.75,0.726
42.78,0.726
42.82,0.726
42.85,0.726
42.88,0.726
42.91,0.726
42.94,0.726
42.98,0.726
43.01,0.726
43.04,0.726
43.07,0.726
43.1,0.726
43.14,0.726
43.17,0.726
43.2,0.726
43.23,0.726
43.26,0.726
43.3,0.726
43.33,0.726
43.36,0.726
43.39,0.726
43.42,0.726
43.46,0.726
43.49,0.726
43.52,0.726
43.55,0.726
43.58,0.726
43.62,0.726
43.65,0.726
43.68,0.726
43.71,0.726
43.74,0.726
43.78,0.726
43.81,0.726
43.84,0.726
43.87,0.726
43.9,0.726
43.94,0.726
43.97,0.726
44.0,0.726
44.03,0.726
44.06,0.726
44.1,0.726
44.13,0.726
44.16,0.726
44.19,0.726
44.22,0.726
44.26,0.726
44.29,0.726
44.32,0.726
44.35,0.726
44.38,0.726
44.42,0.726
44.45,0.726
44.48,0.726
44.51,0.726
44.54,0.726
44.58,0.726
44.61,0.726
44.64,0.726
44.67,0.726
44.7,0.726
44.74,0.726
44.77,0.726
44.8,0.726
44.83,0.726
44.86,0.726
44.9,0.726
44.93,0.726
44.96,0.726
44.99,0.726
45.02,0.726
45.06,0.726
45.09,0.726
45.12,0.726
45.15,0.726
45.18,0.726
45.22,0.726
45.25,0.726
45.28,0.726
45.31,0.726
45.34,0.726
45.38,0.726
45.41,0.726
45.44,0.726
45.47,0.726
45.5,0.726
45.54,0.726
45.57,0.726
45.6,0.726
45.63,0.726
45.66,0.726
45.7,0.726
45.73,0.726
45.76,0.726
45.79,0.726
45.82,0.726
45.86,0.726
45.89,0.726
45.92,0.726
45.95,0.726
45.98,0.726
46.02,0.726
46.05,0.726
46.08,0.726
46.11,0.726
46.14,0.726
46.18,0.726
46.21,0.726
46.24,0.726
46.27,0.726
46.3,0.726
46.34,0.726
46.37,0.726
46.4,0.726
46.43,0.726
46.46,0.726
46.5,0.726
46.53,0.726
46.56,0.726
46.59,0.726
46.62,0.726
46.66,0.726
46.69,0.726
46.72,0.726
46.75,0.726
46.78,0.726
46.82,0.726
46.85,0.726
46.88,0.726
46.91,0.726
46.94,0.726
46.98,0.726
47.01,0.726
47.04,0.726
47.07,0.726
47.1,0.726
47.14,0.726
47.17,0.726
47.2,0.726
47.23,0.726
47.26,0.726
47.3,0.726
47.33,0.726
47.36,0.726
47.39,0.726
47.42,0.726
47.46,0.726
47.49,0.726
47.52,0.726
47.55,0.726
47.58,0.726
47.62,0.726
47.65,0.726
47.68,0.726
47.71,0.726
47.74,0.726
47.78,0.726
47.81,0.726
47.84,0.726
47.87,0.726
47.9,0.726
47.94,0.726
47.97,0.726
48.0,0.726
48.03,0.726
48.06,0.726
48.1,0.726
48.13,0.726
48.16,0.726
48.19,0.726
48.22,0.726
48.26,0.726
48.29,0.726
48.32,0.726
48.35,0.726
48.38,0.726
48.42,0.726
48.45,0.726
48.48,0.726
48.51,0.726
48.54,0.726
48.58,0.726
48.61,0.726
48.64,0.726
48.67,0.726
48.7,0.726
48.74,0.726
48.77,0.726
48.8,0.726
48.83,0.726
48.86,0.726
48.9,0.726
48.93,0.726
48.96,0.726
48.99,0.726
49.02,0.726
49.06,0.726
49.09,0.726
49.12,0.726
49.15,0.726
49.18,0.726
49.22,0.726
49.25,0.726
49.28,0.726
49.31,0.726
49.34,0.726
49.38,0.726
49.41,0.726
49.44,0.726
49.47,0.726
49.5,0.726
49.54,0.726
49.57,0.726
49.6,0.726
49.63,0.726
49.66,0.726
49.7,0.726
49.73,0.726
49.76,0.726
49.79,0.726
49.82,0.726
49.86,0.726
49.89,0.726
49.92,0.726
49.95,0.726
49.98,0.726
50.02,0.726
50.05,0.726
50.08,0.726
50.11,0.726
50.14,0.726
50.18,0.726
50.21,0.726
50.24,0.726
50.27,0.726
50.3,0.726
50.34,0.726
50.37,0.726
50.4,0.726
50.43,0.726
50.46,0.726
50.5,0.726
50.53,0.726
50.56,0.726
50.59,0.726
50.62,0.726
50.66,0.726
50.69,0.726
50.72,0.726
50.75,0.726
50.78,0.726
50.82,0.726
50.85,0.726
50.88,0.726
50.91,0.726
50.94,0.726
50.98,0.726
51.01,0.726
51.04,0.726
51.07,0.726
51.1,0.726
51.14,0.726
51.17,0.726
51.2,0.726
51.23,0.726
51.26,0.726
51.3,0.726
51.33,0.726
51.36,0.726
51.39,0.726
51.42,0.726
51.46,0.726
51.49,0.726
51.52,0.726
51.55,0.726
51.58,0.726
51.62,0.726
51.65,0.726
51.68,0.726
51.71,0.726
51.74,0.726
51.78,0.726
51.81,0.726
51.84,0.726
51.87,0.726
51.9,0.726
51.94,0.726
51.97,0.726
52.0,0.726
52.03,0.726
52.06,0.726
52.1,0.726
52.13,0.726
52.16,0.726
52.19,0.726
52.22,0.726
52.26,0.726
52.29,0.726
52.32,0.726
52.35,0.726
52.38,0.726
52.42,0.726
52.45,0.726
52.48,0.726
52.51,0.726
52.54,0.726
52.58,0.726
52.61,0.726
52.64,0.726
52.67,0.726
52.7,0.726
52.74,0.726
52.77,0.726
52.8,0.726
52.83,0.726
52.86,0.726
52.9,0.726
52.93,0.726
52.96,0.726
52.99,0.726
53.02,0.726
53.06,0.726
53.09,0.726
53.12,0.726
53.15,0.726
53.18,0.726
53.22,0.726
53.25,0.726
53.28,0.726
53.31,0.726
53.34,0.726
53.38,0.726
53.41,0.726
53.44,0.726
53.47,0.726
53.5,0.726
53.54,0.726
53.57,0.726
53.6,0.726
53.63,0.726
53.66,0.726
53.7,0.726
53.73,0.726
53.76,0.726
53.79,0.726
53.82,0.726
53.86,0.726
53.89,0.726
53.92,0.726
53.95,0.726
53.98,0.726
54.02,0.726
54.05,0.726
54.08,0.726
54.11,0.726
54.14,0.726
54.18,0.726
54.21,0.726
54.24,0.726
54.27,0.726
54.3,0.726
54.34,0.726
54.37,0.726
54.4,0.726
54.43,0.726
54.46,0.726
54.5,0.726
54.53,0.726
54.56,0.726
54.59,0.726
54.62,0.726
54.66,0.726
54.69,0.726
54.72,0.726
54.75,0.726
54.78,0.726
54.82,0.726
54.85,0.726
54.88,0.726
54.91,0.726
54.94,0.726
54.98,0.726
55.01,0.726
55.04,0.726
55.07,0.726
55.1,0.726
55.14,0.726
55.17,0.726
55.2,0.726
55.23,0.726
55.26,0.726
55.3,0.726
55.33,0.726
55.36,0.726
55.39,0.726
55.42,0.726
55.46,0.726
55.49,0.726
55.52,0.726
55.55,0.726
55.58,0.726
55.62,0.726
55.65,0.726
55.68,0.726
55.71,0.726
55.74,0.726
55.78,0.726
55.81,0.726
55.84,0.726
55.87,0.726
55.9,0.726
55.94,0.726
55.97,0.726
56.0,0.726
56.03,0.726
56.06,0.726
56.1,0.726
56.13,0.726
56.16,0.726
56.19,0.726
56.22,0.726
56.26,0.726
56.29,0.726
56.32,0.726
56.35,0.726
56.38,0.726
56.42,0.726
56.45,0.726
56.48,0.726
56.51,0.726
56.54,0.726
56.58,0.726
56.61,0.726
56.64,0.726
56.67,0.726
56.7,0.726
56.74,0.726
56.77,0.726
56.8,0.726
56.83,0.726
56.86,0.726
56.9,0.726
56.93,0.726
56.96,0.726
56.99,0.726
57.02,0.726
57.06,0.726
57.09,0.726
57.12,0.726
57.15,0.726
57.18,0.726
57.22,0.726
57.25,0.726
57.28,0.726
57.31,0.726
57.34,0.726
57.38,0.726
57.41,0.726
57.44,0.726
57.47,0.726
57.5,0.726
57.54,0.726
57.57,0.726
57.6,0.726
57.63,0.726
57.66,0.726
57.7,0.726
57.73,0.726
57.76,0.726
57.79,0.726
57.82,0.726
57.86,0.726
57.89,0.726
57.92,0.726
57.95,0.726
57.98,0.726
58.02,0.726
58.05,0.726
58.08,0.726
58.11,0.726
58.14,0.726
58.18,0.726
58.21,0.726
58.24,0.726
58.27,0.726
58.3,0.726
58.34,0.726
58.37,0.726
58.4,0.726
58.43,0.726
58.46,0.726
58.5,0.726
58.53,0.726
58.56,0.726
58.59,0.726
58.62,0.726
58.66,0.726
58.69,0.726
58.72,0.726
58.75,0.726
58.78,0.726
58.82,0.726
58.85,0.726
58.88,0.726
58.91,0.726
58.94,0.726
58.98,0.726
59.01,0.726
59.04,0.726
59.07,0.726
59.1,0.726
59.14,0.726
59.17,0.726
59.2,0.726
59.23,0.726
59.26,0.726
59.3,0.726
59.33,0.726
59.36,0.726
59.39,0.726
59.42,0.726
59.46,0.726
59.49,0.726
59.52,0.726
59.55,0.726
59.58,0.726
59.62,0.726
59.65,0.726
59.68,0.726
59.71,0.726
59.74,0.726
59.78,0.726
59.81,0.726
59.84,0.726
59.87,0.726
59.9,0.726
59.94,0.726
59.97,0.726
60.0,0.726
60.03,0.726
60.06,0.726
60.1,0.726
60.13,0.726
60.16,0.726
60.19,0.726
60.22,0.726
60.26,0.726
60.29,0.726
60.32,0.726
60.35,0.726
60.38,0.726
60.42,0.726
60.45,0.726
60.48,0.726
60.51,0.726
60.54,0.726
60.58,0.726
60.61,0.726
60.64,0.726
60.67,0.726
60.7,0.726
60.74,0.726
60.77,0.726
60.8,0.726
60.83,0.726
60.86,0.726
60.9,0.726
60.93,0.726
60.96,0.726
60.99,0.726
61.02,0.726
61.06,0.726
61.09,0.726
61.12,0.726
61.15,0.726
61.18,0.726
61.22,0.726
61.25,0.726
61.28,0.726
61.31,0.726
61.34,0.726
61.38,0.726
61.41,0.726
61.44,0.726
61.47,0.726
61.5,0.726
61.54,0.726
61.57,0.726
61.6,0.726
61.63,0.726
61.66,0.726
61.7,0.726
61.73,0.726
61.76,0.726
61.79,0.726
61.82,0.726
61.86,0.726
61.89,0.726
61.92,0.726
61.95,0.726
61.98,0.726
62.02,0.726
62.05,0.726
62.08,0.726
62.11,0.726
62.14,0.726
62.18,0.726
62.21,0.726
62.24,0.726
62.27,0.726
62.3,0.726
62.34,0.726
62.37,0.726
62.4,0.726
62.43,0.726
62.46,0.726
62.5,0.726
62.53,0.726
62.56,0.726
62.59,0.726
62.62,0.726
62.66,0.726
62.69,0.726
62.72,0.726
62.75,0.726
62.78,0.726
62.82,0.726
62.85,0.726
62.88,0.726
62.91,0.726
62.94,0.726
62.98,0.726
63.01,0.726
63.04,0.726
63.07,0.726
63.1,0.726
63.14,0.726
63.17,0.726
63.2,0.726
63.23,0.726
63.26,0.726
63.3,0.726
63.33,0.726
63.36,0.726
63.39,0.726
63.42,0.726
63.46,0.726
63.49,0.726
63.52,0.726
63.55,0.726
63.58,0.726
63.62,0.726
63.65,0.726
63.68,0.726
63.71,0.726
63.74,0.726
63.78,0.726
63.81,0.726
63.84,0.726
63.87,0.726
63.9,0.726
63.94,0.726
63.97,0.726
64.0,0.726
64.03,0.726
64.06,0.726
64.1,0.726
64.13,0.726
64.16,0.726
64.19,0.726
64.22,0.726
64.26,0.726
64.29,0.726
64.32,0.726
64.35,0.726
64.38,0.726
64.42,0.726
64.45,0.726
64.48,0.726
64.51,0.726
64.54,0.726
64.58,0.726
64.61,0.726
64.64,0.726
64.67,0.726
64.7,0.726
64.74,0.726
64.77,0.726
64.8,0.726
64.83,0.726
64.86,0.726
64.9,0.726
64.93,0.726
64.96,0.726
64.99,0.726
65.02,0.726
65.06,0.726
65.09,0.726
65.12,0.726
65.15,0.726
65.18,0.726
65.22,0.726
65.25,0.726
65.28,0.726
65.31,0.726
65.34,0.726
65.38,0.726
65.41,0.726
65.44,0.726
65.47,0.726
65.5,0.726
65.54,0.726
65.57,0.726
65.6,0.726
65.63,0.726
65.66,0.726
65.7,0.726
65.73,0.726
65.76,0.726
65.79,0.726
65.82,0.726
65.86,0.726
65.89,0.726
65.92,0.726
65.95,0.726
65.98,0.726
66.02,0.726
66.05,0.726
66.08,0.726
66.11,0.726
66.14,0.726
66.18,0.726
66.21,0.726
66.24,0.726
66.27,0.726
66.3,0.726
66.34,0.726
66.37,0.726
66.4,0.726
66.43,0.726
66.46,0.726
66.5,0.726
66.53,0.726
66.56,0.726
66.59,0.726
66.62,0.726
66.66,0.726
66.69,0.726
66.72,0.726
66.75,0.726
66.78,0.726
66.82,0.726
66.85,0.726
66.88,0.726
66.91,0.726
66.94,0.726
66.98,0.726
67.01,0.726
67.04,0.726
67.07,0.726
67.1,0.726
67.14,0.726
67.17,0.726
67.2,0.726
67.23,0.726
67.26,0.726
67.3,0.726
67.33,0.726
67.36,0.726
67.39,0.726
67.42,0.726
67.46,0.726
67.49,0.726
67.52,0.726
67.55,0.726
67.58,0.726
67.62,0.726
67.65,0.726
67.68,0.726
67.71,0.726
67.74,0.726
67.78,0.726
67.81,0.726
67.84,0.726
67.87,0.726
67.9,0.726
67.94,0.726
67.97,0.726
68.0,0.726
68.03,0.726
68.06,0.726
68.1,0.726
68.13,0.726
68.16,0.726
68.19,0.726
68.22,0.726
68.26,0.726
68.29,0.726
68.32,0.726
68.35,0.726
68.38,0.726
68.42,0.726
68.45,0.726
68.48,0.726
68.51,0.726
68.54,0.726
68.58,0.726
68.61,0.726
68.64,0.726
68.67,0.726
68.7,0.726
68.74,0.726
68.77,0.726
68.8,0.726
68.83,0.726
68.86,0.726
68.9,0.726
68.93,0.726
68.96,0.726
68.99,0.726
69.02,0.726
69.06,0.726
69.09,0.726
69.12,0.726
69.15,0.726
69.18,0.726
69.22,0.726
69.25,0.726
69.28,0.726
69.31,0.726
69.34,0.726
69.38,0.726
69.41,0.726
69.44,0.726
69.47,0.726
69.5,0.726
69.54,0.726
69.57,0.726
69.6,0.726
69.63,0.726
69.66,0.726
69.7,0.726
69.73,0.726
69.76,0.726
69.79,0.726
69.82,0.726
69.86,0.726
69.89,0.726
69.92,0.726
69.95,0.726
69.98,0.726
70.02,0.726
70.05,0.726
70.08,0.726
70.11,0.726
70.14,0.726
70.18,0.726
70.21,0.726
70.24,0.726
70.27,0.726
70.3,0.726
70.34,0.726
70.37,0.726
70.4,0.726
70.43,0.726
70.46,0.726
70.5,0.726
70.53,0.726
70.56,0.726
70.59,0.726
70.62,0.726
70.66,0.726
70.69,0.726
70.72,0.726
70.75,0.726
70.78,0.726
70.82,0.726
70.85,0.726
70.88,0.726
70.91,0.726
70.94,0.726
70.98,0.726
71.01,0.726
71.04,0.726
71.07,0.726
71.1,0.726
71.14,0.726
71.17,0.726
71.2,0.726
71.23,0.726
71.26,0.726
71.3,0.726
71.33,0.726
71.36,0.726
71.39,0.726
71.42,0.726
71.46,0.726
71.49,0.726
71.52,0.726
71.55,0.726
71.58,0.726
71.62,0.726
71.65,0.726
71.68,0.726
71.71,0.726
71.74,0.726
71.78,0.726
71.81,0.726
71.84,0.726
71.87,0.726
71.9,0.726
71.94,0.726
71.97,0.726
72.0,0.726
72.03,0.726
72.06,0.726
72.1,0.726
72.13,0.726
72.16,0.726
72.19,0.726
72.22,0.726
72.26,0.726
72.29,0.726
72.32,0.726
72.35,0.726
72.38,0.726
72.42,0.726
72.45,0.726
72.48,0.726
72.51,0.726
72.54,0.726
72.58,0.726
72.61,0.726
72.64,0.726
72.67,0.726
72.7,0.726
72.74,0.726
72.77,0.726
72.8,0.726
72.83,0.726
72.86,0.726
72.9,0.726
72.93,0.726
72.96,0.726
72.99,0.726
73.02,0.726
73.06,0.726
73.09,0.726
73.12,0.726
73.15,0.726
73.18,0.726
73.22,0.726
73.25,0.726
73.28,0.726
73.31,0.726
73.34,0.726
73.38,0.726
73.41,0.726
73.44,0.726
73.47,0.726
73.5,0.726
73.54,0.726
73.57,0.726
73.6,0.726
73.63,0.726
73.66,0.726
73.7,0.726
73.73,0.726
73.76,0.726
73.79,0.726
73.82,0.726
73.86,0.726
73.89,0.726
73.92,0.726
73.95,0.726
73.98,0.726
74.02,0.726
74.05,0.726
74.08,0.726
74.11,0.726
74.14,0.726
74.18,0.726
74.21,0.726
74.24,0.726
74.27,0.726
74.3,0.726
74.34,0.726
74.37,0.726
74.4,0.726
74.43,0.726
74.46,0.726
74.5,0.726
74.53,0.726
74.56,0.726
74.59,0.726
74.62,0.726
74.66,0.726
74.69,0.726
74.72,0.726
74.75,0.726
74.78,0.726
74.82,0.726
74.85,0.726
74.88,0.726
74.91,0.726
74.94,0.726
74.98,0.726
75.01,0.726
75.04,0.726
75.07,0.726
75.1,0.726
75.14,0.726
75.17,0.726
75.2,0.726
75.23,0.726
75.26,0.726
75.3,0.726
75.33,0.726
75.36,0.726
75.39,0.726
75.42,0.726
75.46,0.726
75.49,0.726
75.52,0.726
75.55,0.726
75.58,0.726
75.62,0.726
75.65,0.726
75.68,0.726
75.71,0.726
75.74,0.726
75.78,0.726
75.81,0.726
75.84,0.726
75.87,0.726
75.9,0.726
75.94,0.726
75.97,0.726
76.0,0.726
76.03,0.726
76.06,0.726
76.1,0.726
76.13,0.726
76.16,0.726
76.19,0.726
76.22,0.726
76.26,0.726
76.29,0.726
76.32,0.726
76.35,0.726
76.38,0.726
76.42,0.726
76.45,0.726
76.48,0.726
76.51,0.726
76.54,0.726
76.58,0.726
76.61,0.726
76.64,0.726
76.67,0.726
76.7,0.726
76.74,0.726
76.77,0.726
76.8,0.726
76.83,0.726
76.86,0.726
76.9,0.726
76.93,0.726
76.96,0.726
76.99,0.726
77.02,0.726
77.06,0.726
77.09,0.726
77.12,0.726
77.15,0.726
77.18,0.726
77.22,0.726
77.25,0.726
77.28,0.726
77.31,0.726
77.34,0.726
77.38,0.726
77.41,0.726
77.44,0.726
77.47,0.726
77.5,0.726
77.54,0.726
77.57,0.726
77.6,0.726
77.63,0.726
77.66,0.726
77.7,0.726
77.73,0.726
77.76,0.726
77.79,0.726
77.82,0.726
77.86,0.726
77.89,0.726
77.92,0.726
77.95,0.726
77.98,0.726
78.02,0.726
78.05,0.726
78.08,0.726
78.11,0.726
78.14,0.726
78.18,0.726
78.21,0.726
78.24,0.726
78.27,0.726
78.3,0.726
78.34,0.726
78.37,0.726
78.4,0.726
78.43,0.726
78.46,0.726
78.5,0.726
78.53,0.726
78.56,0.726
78.59,0.726
78.62,0.726
78.66,0.726
78.69,0.726
78.72,0.726
78.75,0.726
78.78,0.726
78.82,0.726
78.85,0.726
78.88,0.726
78.91,0.726
78.94,0.726
78.98,0.726
79.01,0.726
79.04,0.726
79.07,0.726
79.1,0.726
79.14,0.726
79.17,0.726
79.2,0.726
79.23,0.726
79.26,0.726
79.3,0.726
79.33,0.726
79.36,0.726
79.39,0.726
79.42,0.726
79.46,0.726
79.49,0.726
79.52,0.726
79.55,0.726
79.58,0.726
79.62,0.726
79.65,0.726
79.68,0.726
79.71,0.726
79.74,0.726
79.78,0.726
79.81,0.726
79.84,0.726
79.87,0.726
79.9,0.726
79.94,0.726
79.97,0.726
80.0,0.726
80.03,0.726
80.06,0.726
80.1,0.726
80.13,0.726
80.16,0.726
80.19,0.726
80.22,0.726
80.26,0.726
80.29,0.726
80.32,0.726
80.35,0.726
80.38,0.726
80.42,0.726
80.45,0.726
80.48,0.726
80.51,0.726
80.54,0.726
80.58,0.726
80.61,0.726
80.64,0.726
80.67,0.726
80.7,0.726
80.74,0.726
80.77,0.726
80.8,0.726
80.83,0.726
80.86,0.726
80.9,0.726
80.93,0.726
80.96,0.726
80.99,0.726
81.02,0.726
81.06,0.726
81.09,0.726
81.12,0.726
81.15,0.726
81.18,0.726
81.22,0.726
81.25,0.726
81.28,0.726
81.31,0.726
81.34,0.726
81.38,0.726
81.41,0.726
81.44,0.726
81.47,0.726
81.5,0.726
81.54,0.726
81.57,0.726
81.6,0.726
81.63,0.726
81.66,0.726
81.7,0.726
81.73,0.726
81.76,0.726
81.79,0.726
81.82,0.726
81.86,0.726
81.89,0.726
81.92,0.726
81.95,0.726
81.98,0.726
82.02,0.726
82.05,0.726
82.08,0.726
82.11,0.726
82.14,0.726
82.18,0.726
82.21,0.726
82.24,0.726
82.27,0.726
82.3,0.726
82.34,0.726
82.37,0.726
82.4,0.726
82.43,0.726
82.46,0.726
82.5,0.726
82.53,0.726
82.56,0.726
82.59,0.726
82.62,0.726
82.66,0.726
82.69,0.726
82.72,0.726
82.75,0.726
82.78,0.726
82.82,0.726
82.85,0.726
82.88,0.726
82.91,0.726
82.94,0.726
82.98,0.726
83.01,0.726
83.04,0.726
83.07,0.726
83.1,0.726
83.14,0.726
83.17,0.726
83.2,0.726
83.23,0.726
83.26,0.726
83.3,0.726
83.33,0.726
83.36,0.726
83.39,0.726
83.42,0.726
83.46,0.726
83.49,0.726
83.52,0.726
83.55,0.726
83.58,0.726
83.62,0.726
83.65,0.726
83.68,0.726
83.71,0.726
83.74,0.726
83.78,0.726
83.81,0.726
83.84,0.726
83.87,0.726
83.9,0.726
83.94,0.726
83.97,0.726
84.0,0.726
84.03,0.726
84.06,0.726
84.1,0.726
84.13,0.726
84.16,0.726
84.19,0.726
84.22,0.726
84.26,0.726
84.29,0.726
84.32,0.726
84.35,0.726
84.38,0.726
84.42,0.726
84.45,0.726
84.48,0.726
84.51,0.726
84.54,0.726
84.58,0.726
84.61,0.726
84.64,0.726
84.67,0.726
84.7,0.726
84.74,0.726
84.77,0.726
84.8,0.726
84.83,0.726
84.86,0.726
84.9,0.726
84.93,0.726
84.96,0.726
84.99,0.726
85.02,0.726
85.06,0.726
85.09,0.726
85.12,0.726
85.15,0.726
85.18,0.726
85.22,0.726
85.25,0.726
85.28,0.726
85.31,0.726
85.34,0.726
85.38,0.726
85.41,0.726
85.44,0.726
85.47,0.726
85.5,0.726
85.54,0.726
85.57,0.726
85.6,0.726
85.63,0.726
85.66,0.726
85.7,0.726
85.73,0.726
85.76,0.726
85.79,0.726
85.82,0.726
85.86,0.726
85.89,0.726
85.92,0.726
85.95,0.726
85.98,0.726
86.02,0.726
86.05,0.726
86.08,0.726
86.11,0.726
86.14,0.726
86.18,0.726
86.21,0.726
86.24,0.726
86.27,0.726
86.3,0.726
86.34,0.726
86.37,0.726
86.4,0.726
86.43,0.726
86.46,0.726
86.5,0.726
86.53,0.726
86.56,0.726
86.59,0.726
86.62,0.726
86.66,0.726
86.69,0.726
86.72,0.726
86.75,0.726
86.78,0.726
86.82,0.726
86.85,0.726
86.88,0.726
86.91,0.726
86.94,0.726
86.98,0.726
87.01,0.726
87.04,0.726
87.07,0.726
87.1,0.726
87.14,0.726
87.17,0.726
87.2,0.726
87.23,0.726
87.26,0.726
87.3,0.726
87.33,0.726
87.36,0.726
87.39,0.726
87.42,0.726
87.46,0.726
87.49,0.726
87.52,0.726
87.55,0.726
87.58,0.726
87.62,0.726
87.65,0.726
87.68,0.726
87.71,0.726
87.74,0.726
87.78,0.726
87.81,0.726
87.84,0.726
87.87,0.726
87.9,0.726
87.94,0.726
87.97,0.726
88.0,0.726
88.03,0.726
88.06,0.726
88.1,0.726
88.13,0.726
88.16,0.726
88.19,0.726
88.22,0.726
88.26,0.726
88.29,0.726
88.32,0.726
88.35,0.726
88.38,0.726
88.42,0.726
88.45,0.726
88.48,0.726
88.51,0.726
88.54,0.726
88.58,0.726
88.61,0.726
88.64,0.726
88.67,0.726
88.7,0.726
88.74,0.726
88.77,0.726
88.8,0.726
88.83,0.726
88.86,0.726
88.9,0.726
88.93,0.726
88.96,0.726
88.99,0.726
89.02,0.726
89.06,0.726
89.09,0.726
89.12,0.726
89.15,0.726
89.18,0.726
89.22,0.726
89.25,0.726
89.28,0.726
89.31,0.726
89.34,0.726
89.38,0.726
89.41,0.726
89.44,0.726
89.47,0.726
89.5,0.726
89.54,0.726
89.57,0.726
89.6,0.726
89.63,0.726
89.66,0.726
89.7,0.726
89.73,0.726
89.76,0.726
89.79,0.726
89.82,0.726
89.86,0.726
89.89,0.726
89.92,0.726
89.95,0.726
89.98,0.726
90.02,0.726
90.05,0.726
90.08,0.726
90.11,0.726
90.14,0.726
90.18,0.726
90.21,0.726
90.24,0.726
90.27,0.726
90.3,0.726
90.34,0.726
90.37,0.726
90.4,0.726
90.43,0.726
90.46,0.726
90.5,0.726
90.53,0.726
90.56,0.726
90.59,0.726
90.62,0.726
90.66,0.726
90.69,0.726
90.72,0.726
90.75,0.726
90.78,0.726
90.82,0.726
90.85,0.726
90.88,0.726
90.91,0.726
90.94,0.726
90.98,0.726
91.01,0.726
91.04,0.726
91.07,0.726
91.1,0.726
91.14,0.726
91.17,0.726
91.2,0.726
91.23,0.726
91.26,0.726
91.3,0.726
91.33,0.726
91.36,0.726
91.39,0.726
91.42,0.726
91.46,0.726
91.49,0.726
91.52,0.726
91.55,0.726
91.58,0.726
91.62,0.726
91.65,0.726
91.68,0.726
91.71,0.726
91.74,0.726
91.78,0.726
91.81,0.726
91.84,0.726
91.87,0.726
91.9,0.726
91.94,0.726
91.97,0.726
92.0,0.726
92.03,0.726
92.06,0.726
92.1,0.726
92.13,0.726
92.16,0.726
92.19,0.726
92.22,0.726
92.26,0.726
92.29,0.726
92.32,0.726
92.35,0.726
92.38,0.726
92.42,0.726
92.45,0.726
92.48,0.726
92.51,0.726
92.54,0.726
92.58,0.726
92.61,0.726
92.64,0.726
92.67,0.726
92.7,0.726
92.74,0.726
92.77,0.726
92.8,0.726
92.83,0.726
92.86,0.726
92.9,0.726
92.93,0.726
92.96,0.726
92.99,0.726
93.02,0.726
93.06,0.726
93.09,0.726
93.12,0.726
93.15,0.726
93.18,0.726
93.22,0.726
93.25,0.726
93.28,0.726
93.31,0.726
93.34,0.726
93.38,0.726
93.41,0.726
93.44,0.726
93.47,0.726
93.5,0.726
93.54,0.726
93.57,0.726
93.6,0.726
93.63,0.726
93.66,0.726
93.7,0.726
93.73,0.726
93.76,0.726
93.79,0.726
93.82,0.726
93.86,0.726
93.89,0.726
93.92,0.726
93.95,0.726
93.98,0.726
94.02,0.726
94.05,0.726
94.08,0.726
94.11,0.726
94.14,0.726
94.18,0.726
94.21,0.726
94.24,0.726
94.27,0.726
94.3,0.726
94.34,0.726
94.37,0.726
94.4,0.726
94.43,0.726
94.46,0.726
94.5,0.726
94.53,0.726
94.56,0.726
94.59,0.726
94.62,0.726
94.66,0.726
94.69,0.726
94.72,0.726
94.75,0.726
94.78,0.726
94.82,0.726
94.85,0.726
94.88,0.726
94.91,0.726
94.94,0.726
94.98,0.726
95.01,0.726
95.04,0.726
95.07,0.726
95.1,0.726
95.14,0.726
95.17,0.726
95.2,0.726
95.23,0.726
95.26,0.726
95.3,0.726
95.33,0.726
95.36,0.726
95.39,0.726
95.42,0.726
95.46,0.726
95.49,0.726
95.52,0.726
95.55,0.726
95.58,0.726
95.62,0.726
95.65,0.726
95.68,0.726
95.71,0.726
95.74,0.726
95.78,0.726
95.81,0.726
95.84,0.726
95.87,0.726
95.9,0.726
95.94,0.726
95.97,0.726
96.0,0.726
96.03,0.726
96.06,0.726
96.1,0.726
96.13,0.726
96.16,0.726
96.19,0.726
96.22,0.726
96.26,0.726
96.29,0.726
96.32,0.726
96.35,0.726
96.38,0.726
96.42,0.726
96.45,0.726
96.48,0.726
96.51,0.726
96.54,0.726
96.58,0.726
96.61,0.726
96.64,0.726
96.67,0.726
96.7,0.726
96.74,0.726
96.77,0.726
96.8,0.726
96.83,0.726
96.86,0.726
96.9,0.726
96.93,0.726
96.96,0.726
96.99,0.726
97.02,0.726
97.06,0.726
97.09,0.726
97.12,0.726
97.15,0.726
97.18,0.726
97.22,0.726
97.25,0.726
97.28,0.726
97.31,0.726
97.34,0.726
97.38,0.726
97.41,0.726
97.44,0.726
97.47,0.726
97.5,0.726
97.54,0.726
97.57,0.726
97.6,0.726
